sigma,ARI_vs_base
0.01,0.3477111529723214
0.02,0.3458686835881947
0.05,0.3009344037973456
0.1,0.2351911304933245
