sigma,ARI_vs_base
0.01,0.9942875272782921
0.02,0.9913679113607063
0.05,0.9743533176474396
0.1,0.9513522920861761
