model,ari_mean,ari_std
kmeans,8.951337780236805e-06,0.00028365606950707254
gmm,1.6808693013521737e-05,0.00033301396677493035
